,KU_334003_Misamis_Oriental_Mindanao_PH,Ceratophora_stoddartii_WHT_1682,Cophotis_dumbara_GQ_502785,Aphaniotis_fusca_THC_57874,KU_315337_Odiongan_Tablas_PH,KU_347782_Sorsogon_Luzon_PH,TNHC_62726_Camarines_Sur_Luzon_PH,TNHC_62724_Albay_Luzon_PH,KU_326251_Magdiwang_Sibuyan_PH,KU_305476_Kalinga_Luzon_PH,KU_329535_Ilocos_Norte_Luzon_PH,KU_330106_Cagayan_Luzon_PH,RMB_4191_Nueva_Vizcaya_Luzon_PH,RMB_4204_Callao_Caves_Luzon_PH,KU_320285_Lubang_Mindoro_PH,KU_324432_Negros_Occidental_Negros_PH,RMB_4159_Rizal_Luzon_PH,ACD_1030_Cavite_Luzon_PH,KU_305473_Camarines_Norte_Luzon_PH,KU_326254_Burdeos_Polillo_PH,KU_308082_San_Miguel_Catanduanes_PH,KU_330734_Laguna_Luzon_PH,KU_328930_Bulacan_Luzon_PH,RMB_4173_Zambales_Luzon_PH,KU_323046_Aurora_Luzon_PH,KU_308407_Paluan_Mindoro_PH,KU_336048_Sablayan_Mindoro_PH,KU_303771_Bongabong_Mindoro_PH,KU_302489_Victoria_Mindoro_PH,B_cristatella_LSUHC_5097_Genting_Highlands_MY,B_cristatella_LSUHC_6661_Ampang_MY,B_cristatella_LSUHC_3889_Pulau_Tulai_MY,B_cristatella_LSUHC_4613_Pulau_Tioman_MY,B_cristatella_LSUHC_11804_Pulau_Pinang_MY,B_cristatella_LSUHC_10647_Peneang_Hill_MY,B_shenlong_LSUHC_10271_Bukit_Larut_MY,B_shenlong_LSUHC_12104_Cameron_Highlands_MY,B_shenlong_LSUHC_12105_Cameron_Highlands_MY,B_cristatella_RMB_18138_Java_ID,B_cristatella_RMB_18356_Java_ID,B_cristatella_MVZ_253995_Java_ID,B_hayeki_MVZ_270281_North_Sumatra_ID,B_rayaensis_LSUHC_12347_Phuket_TH,B_burmana_CAS_228481_Tanintharyi_MM,RMB_3792_Davao_Mindanao_PH,B_jubata_RMB_18182_Java_ID,B_jubata_MVZ_253998_Java_ID,B_jubata_RMB_18293_Java_ID,B_cf_intermedia_RMBR_836_Kalimantan_Borneo_ID,KU_327277_Palawan_PH,KU_311398_Palawan_PH,KU_311390_Palawan_PH,KU_309403_Palawan_PH,TNHC_57937_Palawan_PH,KU_327279_Palawan_PH,B_celebensis_MVZ_253957_North_Sulawesi_ID,B_celebensis_MVZ_253958_North_Sulawesi_ID,B_celebensis_MVZ_253994_Central_Sulawesi_ID,KU_334004_Misamis_Oriental_Mindanao_PH,KU_314845_Zamboanga_Mindanao_PH,PNM_1701_Sarangani_Mindanao_PH,KU_324433_Bilar_Bohol_PH,KU_324438_Sierra_Bullones_Bohol_PH,KU_326249_Antequera_Bohol_PH,KU_309860_Mambajao_Camiguin_PH,KU_309862_Mambajao_Camiguin_PH,KU_334603_Zamboanga_Mindanao_PH,ACD_5650_Cotabato_Mindanao_PH,KU_327282_South_Cotabato_Mindanao_PH,TNHC_57934_Davao_Mindanao_PH,PNM_1182_Davao_Mindanao_PH,KU_310374_Loreto_Dinagat_PH,ACD_7229_Sogod_Leyte_PH,KU_305471_Baybay_Leyte_PH,KU_311125_Baybay_Leyte_PH,KU_344140_Eastern_Samar_Samar_PH,KU_344139_Eastern_Samar_Samar_PH,KU_336463_Western_Samar_Samar_PH,CDS_6959_Western_Samar_Samar_PH,KU_337266_Eastern_Samar_Samar_PH,KU_305477_Western_Samar_Samar_PH,KU_337267_Eastern_Samar_Samar_PH,KU_334001_Agusan_del_Norte_Mindanao_PH,ACD_6339_Burgos_Siargao_PH,RMB_16896_Misamis_Oriental_Mindanao_PH,Gonocephalus_chamaeleontinus_LSUHC_3788,Gonocephalus_semperi_KU_303821_Mindoro_PH,Gonocephalus_semperi_KU_305748_Cebu_PH,B_cristatella_TNHC_56517_Sarawak_Borneo_MY,B_cristatella_TNHC_57874_Selangor_MY
KU_334003_Misamis_Oriental_Mindanao_PH,,,,,,,,,,,,,,,,,,,,,,,,,,,,,,,,,,,,,,,,,,,,,,,,,,,,,,,,,,,,,,,,,,,,,,,,,,,,,,,,,,,,,,,,,,
Ceratophora_stoddartii_WHT_1682,0.2846003899,,,,,,,,,,,,,,,,,,,,,,,,,,,,,,,,,,,,,,,,,,,,,,,,,,,,,,,,,,,,,,,,,,,,,,,,,,,,,,,,,,,,,,,,,
Cophotis_dumbara_GQ_502785,0.2573099415,0.1924398625,,,,,,,,,,,,,,,,,,,,,,,,,,,,,,,,,,,,,,,,,,,,,,,,,,,,,,,,,,,,,,,,,,,,,,,,,,,,,,,,,,,,,,,,
Aphaniotis_fusca_THC_57874,0.2651072125,0.2863688431,0.2680412371,,,,,,,,,,,,,,,,,,,,,,,,,,,,,,,,,,,,,,,,,,,,,,,,,,,,,,,,,,,,,,,,,,,,,,,,,,,,,,,,,,,,,,,
KU_315337_Odiongan_Tablas_PH,0.1637426901,0.2817869416,0.2691867125,0.2680412371,,,,,,,,,,,,,,,,,,,,,,,,,,,,,,,,,,,,,,,,,,,,,,,,,,,,,,,,,,,,,,,,,,,,,,,,,,,,,,,,,,,,,,
KU_347782_Sorsogon_Luzon_PH,0.1423001949,0.2802768166,0.2710495963,0.2698961938,0.0807381776,,,,,,,,,,,,,,,,,,,,,,,,,,,,,,,,,,,,,,,,,,,,,,,,,,,,,,,,,,,,,,,,,,,,,,,,,,,,,,,,,,,,,
TNHC_62726_Camarines_Sur_Luzon_PH,0.1500974659,0.2840778923,0.2623138603,0.2657502864,0.0882016037,0.0495963091,,,,,,,,,,,,,,,,,,,,,,,,,,,,,,,,,,,,,,,,,,,,,,,,,,,,,,,,,,,,,,,,,,,,,,,,,,,,,,,,,,,,
TNHC_62724_Albay_Luzon_PH,0.1442495127,0.2817869416,0.2623138603,0.2623138603,0.0847651775,0.0519031142,0.0091638030,,,,,,,,,,,,,,,,,,,,,,,,,,,,,,,,,,,,,,,,,,,,,,,,,,,,,,,,,,,,,,,,,,,,,,,,,,,,,,,,,,,
KU_326251_Magdiwang_Sibuyan_PH,0.1559454191,0.2852233677,0.2714776632,0.2691867125,0.0756013746,0.0726643599,0.0721649485,0.0710194731,,,,,,,,,,,,,,,,,,,,,,,,,,,,,,,,,,,,,,,,,,,,,,,,,,,,,,,,,,,,,,,,,,,,,,,,,,,,,,,,,,
KU_305476_Kalinga_Luzon_PH,0.1680161943,0.2927400468,0.2693208431,0.2775175644,0.0819672131,0.0766509434,0.0761124122,0.0772833724,0.0749414520,,,,,,,,,,,,,,,,,,,,,,,,,,,,,,,,,,,,,,,,,,,,,,,,,,,,,,,,,,,,,,,,,,,,,,,,,,,,,,,,,
KU_329535_Ilocos_Norte_Luzon_PH,0.1754385965,0.2932416953,0.2726231386,0.2783505155,0.0836197022,0.0795847751,0.0790378007,0.0801832761,0.0756013746,0.0070257611,,,,,,,,,,,,,,,,,,,,,,,,,,,,,,,,,,,,,,,,,,,,,,,,,,,,,,,,,,,,,,,,,,,,,,,,,,,,,,,,
KU_330106_Cagayan_Luzon_PH,0.1754385965,0.2943871707,0.2703321879,0.2794959908,0.0778923253,0.0784313725,0.0790378007,0.0801832761,0.0744558992,0.0046838407,0.0091638030,,,,,,,,,,,,,,,,,,,,,,,,,,,,,,,,,,,,,,,,,,,,,,,,,,,,,,,,,,,,,,,,,,,,,,,,,,,,,,,
RMB_4191_Nueva_Vizcaya_Luzon_PH,0.1734892788,0.2920962199,0.2657502864,0.2772050401,0.0756013746,0.0830449827,0.0859106529,0.0824742268,0.0767468499,0.0187353630,0.0229095074,0.0160366552,,,,,,,,,,,,,,,,,,,,,,,,,,,,,,,,,,,,,,,,,,,,,,,,,,,,,,,,,,,,,,,,,,,,,,,,,,,,,,
RMB_4204_Callao_Caves_Luzon_PH,0.1637426901,0.2886597938,0.2703321879,0.2749140893,0.0733104238,0.0738177624,0.0790378007,0.0778923253,0.0698739977,0.0187353630,0.0229095074,0.0160366552,0.0137457045,,,,,,,,,,,,,,,,,,,,,,,,,,,,,,,,,,,,,,,,,,,,,,,,,,,,,,,,,,,,,,,,,,,,,,,,,,,,,
KU_320285_Lubang_Mindoro_PH,0.1643564356,0.2810685250,0.2682926829,0.2648083624,0.0871080139,0.0710128056,0.0696864111,0.0662020906,0.0754936121,0.0682352941,0.0685249710,0.0662020906,0.0638792102,0.0650406504,,,,,,,,,,,,,,,,,,,,,,,,,,,,,,,,,,,,,,,,,,,,,,,,,,,,,,,,,,,,,,,,,,,,,,,,,,,,
KU_324432_Negros_Occidental_Negros_PH,0.1617933723,0.2898052692,0.2817869416,0.2703321879,0.0870561283,0.0726643599,0.0756013746,0.0733104238,0.0744558992,0.0679156909,0.0698739977,0.0664375716,0.0641466208,0.0675830470,0.0534262485,,,,,,,,,,,,,,,,,,,,,,,,,,,,,,,,,,,,,,,,,,,,,,,,,,,,,,,,,,,,,,,,,,,,,,,,,,,
RMB_4159_Rizal_Luzon_PH,0.1559454191,0.2909507446,0.2817869416,0.2703321879,0.0859106529,0.0680507497,0.0767468499,0.0744558992,0.0744558992,0.0725995316,0.0744558992,0.0721649485,0.0698739977,0.0687285223,0.0522648084,0.0446735395,,,,,,,,,,,,,,,,,,,,,,,,,,,,,,,,,,,,,,,,,,,,,,,,,,,,,,,,,,,,,,,,,,,,,,,,,,
ACD_1030_Cavite_Luzon_PH,0.1617933723,0.2876869965,0.2750287687,0.2669735328,0.0966628308,0.0934256055,0.0989643268,0.0955120829,0.0874568470,0.0847058824,0.0828538550,0.0840046030,0.0874568470,0.0863060990,0.0813008130,0.0828538550,0.0771001151,,,,,,,,,,,,,,,,,,,,,,,,,,,,,,,,,,,,,,,,,,,,,,,,,,,,,,,,,,,,,,,,,,,,,,,,,
KU_305473_Camarines_Norte_Luzon_PH,0.1676413255,0.2943871707,0.2806414662,0.2726231386,0.1008018328,0.0968858131,0.0985108820,0.0950744559,0.0916380298,0.0843091335,0.0824742268,0.0836197022,0.0893470790,0.0882016037,0.0836236934,0.0847651775,0.0813287514,0.0115074799,,,,,,,,,,,,,,,,,,,,,,,,,,,,,,,,,,,,,,,,,,,,,,,,,,,,,,,,,,,,,,,,,,,,,,,,
KU_326254_Burdeos_Polillo_PH,0.1637426901,0.2943871707,0.2794959908,0.2714776632,0.1008018328,0.0945790081,0.0985108820,0.0950744559,0.0916380298,0.0843091335,0.0824742268,0.0836197022,0.0893470790,0.0882016037,0.0836236934,0.0847651775,0.0813287514,0.0092059839,0.0045819015,,,,,,,,,,,,,,,,,,,,,,,,,,,,,,,,,,,,,,,,,,,,,,,,,,,,,,,,,,,,,,,,,,,,,,,
KU_308082_San_Miguel_Catanduanes_PH,0.1598440546,0.2943871707,0.2737686140,0.2680412371,0.0893470790,0.0715109573,0.0767468499,0.0756013746,0.0710194731,0.0655737705,0.0687285223,0.0687285223,0.0733104238,0.0698739977,0.0696864111,0.0767468499,0.0687285223,0.0621403913,0.0641466208,0.0618556701,,,,,,,,,,,,,,,,,,,,,,,,,,,,,,,,,,,,,,,,,,,,,,,,,,,,,,,,,,,,,,,,,,,,,,
KU_330734_Laguna_Luzon_PH,0.1637426901,0.2920962199,0.2760595647,0.2657502864,0.0939289805,0.0784313725,0.0870561283,0.0836197022,0.0859106529,0.0831381733,0.0836197022,0.0824742268,0.0824742268,0.0767468499,0.0801393728,0.0790378007,0.0790378007,0.0690448792,0.0687285223,0.0664375716,0.0526918671,,,,,,,,,,,,,,,,,,,,,,,,,,,,,,,,,,,,,,,,,,,,,,,,,,,,,,,,,,,,,,,,,,,,,
KU_328930_Bulacan_Luzon_PH,0.1598440546,0.2898052692,0.2749140893,0.2668957617,0.0916380298,0.0761245675,0.0836197022,0.0801832761,0.0824742268,0.0784543326,0.0790378007,0.0778923253,0.0778923253,0.0744558992,0.0731707317,0.0744558992,0.0721649485,0.0655926352,0.0652920962,0.0630011455,0.0504009164,0.0126002291,,,,,,,,,,,,,,,,,,,,,,,,,,,,,,,,,,,,,,,,,,,,,,,,,,,,,,,,,,,,,,,,,,,,
RMB_4173_Zambales_Luzon_PH,0.1578947368,0.2898052692,0.2737686140,0.2657502864,0.0904925544,0.0749711649,0.0824742268,0.0790378007,0.0813287514,0.0772833724,0.0778923253,0.0767468499,0.0767468499,0.0733104238,0.0720092915,0.0733104238,0.0710194731,0.0644418872,0.0641466208,0.0618556701,0.0504009164,0.0114547537,0.0011454754,,,,,,,,,,,,,,,,,,,,,,,,,,,,,,,,,,,,,,,,,,,,,,,,,,,,,,,,,,,,,,,,,,,
KU_323046_Aurora_Luzon_PH,0.1598440546,0.2888377445,0.2773302647,0.2658227848,0.0943613349,0.0795847751,0.0851553510,0.0817031070,0.0863060990,0.0788235294,0.0817031070,0.0805523590,0.0805523590,0.0771001151,0.0778164925,0.0794016110,0.0794016110,0.0655926352,0.0678941312,0.0632911392,0.0517836594,0.0126582278,0.0092059839,0.0080552359,,,,,,,,,,,,,,,,,,,,,,,,,,,,,,,,,,,,,,,,,,,,,,,,,,,,,,,,,,,,,,,,,,
KU_308407_Paluan_Mindoro_PH,0.1754385965,0.2875143184,0.2634593356,0.2611683849,0.1489117984,0.1476355248,0.1569301260,0.1534936999,0.1420389462,0.1416861827,0.1454753723,0.1443298969,0.1420389462,0.1431844215,0.1498257840,0.1466208477,0.1454753723,0.1484464902,0.1500572738,0.1477663230,0.1397479954,0.1431844215,0.1420389462,0.1408934708,0.1461449942,,,,,,,,,,,,,,,,,,,,,,,,,,,,,,,,,,,,,,,,,,,,,,,,,,,,,,,,,,,,,,,,,
KU_336048_Sablayan_Mindoro_PH,0.1598440546,0.2726231386,0.2646048110,0.2600229095,0.1363115693,0.1384083045,0.1386025200,0.1351660939,0.1431844215,0.1405152225,0.1477663230,0.1466208477,0.1420389462,0.1431844215,0.1405342625,0.1374570447,0.1397479954,0.1461449942,0.1454753723,0.1431844215,0.1351660939,0.1271477663,0.1237113402,0.1248568156,0.1277330265,0.0950744559,,,,,,,,,,,,,,,,,,,,,,,,,,,,,,,,,,,,,,,,,,,,,,,,,,,,,,,,,,,,,,,,
KU_303771_Bongabong_Mindoro_PH,0.1637426901,0.2794959908,0.2691867125,0.2657502864,0.1557846506,0.1522491349,0.1500572738,0.1466208477,0.1592210767,0.1522248244,0.1603665521,0.1592210767,0.1580756014,0.1569301260,0.1579558653,0.1477663230,0.1512027491,0.1484464902,0.1477663230,0.1454753723,0.1489117984,0.1397479954,0.1386025200,0.1374570447,0.1403912543,0.1042382589,0.0607101947,,,,,,,,,,,,,,,,,,,,,,,,,,,,,,,,,,,,,,,,,,,,,,,,,,,,,,,,,,,,,,,
KU_302489_Victoria_Mindoro_PH,0.1617933723,0.2737686140,0.2600229095,0.2623138603,0.1489117984,0.1441753172,0.1443298969,0.1431844215,0.1512027491,0.1475409836,0.1546391753,0.1534936999,0.1512027491,0.1500572738,0.1521486643,0.1420389462,0.1454753723,0.1449942463,0.1466208477,0.1443298969,0.1408934708,0.1363115693,0.1351660939,0.1340206186,0.1369390104,0.0962199313,0.0515463918,0.0183276060,,,,,,,,,,,,,,,,,,,,,,,,,,,,,,,,,,,,,,,,,,,,,,,,,,,,,,,,,,,,,,
B_cristatella_LSUHC_5097_Genting_Highlands_MY,0.1871345029,0.2726231386,0.2772050401,0.2520045819,0.1672394044,0.1637831603,0.1832760596,0.1832760596,0.1683848797,0.1908665105,0.1890034364,0.1912943872,0.1947308133,0.1844215349,0.1811846690,0.1775486827,0.1718213058,0.1818181818,0.1890034364,0.1867124857,0.1798396334,0.1832760596,0.1809851088,0.1798396334,0.1841196778,0.1935853379,0.1786941581,0.1958762887,0.1901489118,,,,,,,,,,,,,,,,,,,,,,,,,,,,,,,,,,,,,,,,,,,,,,,,,,,,,,,,,,,,,
B_cristatella_LSUHC_6661_Ampang_MY,0.1871345029,0.2749140893,0.2783505155,0.2531500573,0.1683848797,0.1649365629,0.1844215349,0.1844215349,0.1695303551,0.1920374707,0.1901489118,0.1924398625,0.1958762887,0.1855670103,0.1823461092,0.1786941581,0.1718213058,0.1829689298,0.1901489118,0.1878579611,0.1809851088,0.1844215349,0.1821305842,0.1809851088,0.1852704258,0.1947308133,0.1798396334,0.1970217640,0.1912943872,0.0022909507,,,,,,,,,,,,,,,,,,,,,,,,,,,,,,,,,,,,,,,,,,,,,,,,,,,,,,,,,,,,
B_cristatella_LSUHC_3889_Pulau_Tulai_MY,0.1832358674,0.2714776632,0.2703321879,0.2520045819,0.1672394044,0.1637831603,0.1844215349,0.1832760596,0.1775486827,0.1861826698,0.1844215349,0.1867124857,0.1867124857,0.1832760596,0.1811846690,0.1718213058,0.1683848797,0.1760644419,0.1832760596,0.1809851088,0.1786941581,0.1775486827,0.1729667812,0.1718213058,0.1760644419,0.1867124857,0.1775486827,0.1924398625,0.1890034364,0.0378006873,0.0378006873,,,,,,,,,,,,,,,,,,,,,,,,,,,,,,,,,,,,,,,,,,,,,,,,,,,,,,,,,,,
B_cristatella_LSUHC_4613_Pulau_Tioman_MY,0.1832358674,0.2737686140,0.2680412371,0.2565864834,0.1683848797,0.1649365629,0.1855670103,0.1844215349,0.1775486827,0.1861826698,0.1832760596,0.1855670103,0.1855670103,0.1844215349,0.1823461092,0.1729667812,0.1695303551,0.1772151899,0.1844215349,0.1821305842,0.1798396334,0.1786941581,0.1741122566,0.1729667812,0.1772151899,0.1855670103,0.1786941581,0.1958762887,0.1924398625,0.0400916380,0.0400916380,0.0045819015,,,,,,,,,,,,,,,,,,,,,,,,,,,,,,,,,,,,,,,,,,,,,,,,,,,,,,,,,,
B_cristatella_LSUHC_11804_Pulau_Pinang_MY,0.1793372320,0.2714776632,0.2714776632,0.2542955326,0.1660939290,0.1614763552,0.1786941581,0.1775486827,0.1729667812,0.1838407494,0.1821305842,0.1844215349,0.1821305842,0.1786941581,0.1777003484,0.1741122566,0.1683848797,0.1795166858,0.1855670103,0.1832760596,0.1798396334,0.1786941581,0.1764032073,0.1752577320,0.1783659379,0.1844215349,0.1718213058,0.1890034364,0.1855670103,0.0343642612,0.0343642612,0.0320733104,0.0320733104,,,,,,,,,,,,,,,,,,,,,,,,,,,,,,,,,,,,,,,,,,,,,,,,,,,,,,,,,
B_cristatella_LSUHC_10647_Peneang_Hill_MY,0.1793372320,0.2665121669,0.2699884125,0.2526071842,0.1680185400,0.1610660487,0.1784472769,0.1772885284,0.1726535342,0.1836492891,0.1819235226,0.1842410197,0.1842410197,0.1772885284,0.1777777778,0.1738122827,0.1691772885,0.1796060255,0.1853997683,0.1830822711,0.1796060255,0.1784472769,0.1761297798,0.1749710313,0.1784472769,0.1865585168,0.1738122827,0.1911935110,0.1877172654,0.0324449594,0.0324449594,0.0301274623,0.0301274623,0.0023174971,,,,,,,,,,,,,,,,,,,,,,,,,,,,,,,,,,,,,,,,,,,,,,,,,,,,,,,,
B_shenlong_LSUHC_10271_Bukit_Larut_MY,0.1871345029,0.2955326460,0.2600229095,0.2611683849,0.1821305842,0.1799307958,0.1844215349,0.1832760596,0.1844215349,0.1861826698,0.1890034364,0.1912943872,0.1890034364,0.1844215349,0.1916376307,0.1821305842,0.1821305842,0.1806674338,0.1844215349,0.1821305842,0.1821305842,0.1855670103,0.1867124857,0.1855670103,0.1864211738,0.1832760596,0.1890034364,0.1890034364,0.1844215349,0.1328751432,0.1328751432,0.1305841924,0.1328751432,0.1237113402,0.1216685979,,,,,,,,,,,,,,,,,,,,,,,,,,,,,,,,,,,,,,,,,,,,,,,,,,,,,,,
B_shenlong_LSUHC_12104_Cameron_Highlands_MY,0.1793372320,0.3030998852,0.2652123995,0.2732491389,0.1951779564,0.1884393064,0.1997703789,0.1986222732,0.1986222732,0.1948356808,0.1974741676,0.1997703789,0.1986222732,0.1928817451,0.2013969732,0.1940298507,0.1951779564,0.1949250288,0.2032146958,0.1986222732,0.1940298507,0.1974741676,0.1940298507,0.1951779564,0.1937716263,0.1974741676,0.1986222732,0.2066590126,0.2020665901,0.1446613088,0.1446613088,0.1366245695,0.1389207807,0.1389207807,0.1370499419,0.0493685419,,,,,,,,,,,,,,,,,,,,,,,,,,,,,,,,,,,,,,,,,,,,,,,,,,,,,,
B_shenlong_LSUHC_12105_Cameron_Highlands_MY,0.1754385965,0.3004587156,0.2660550459,0.2694954128,0.1915137615,0.1847575058,0.1961009174,0.1949541284,0.1949541284,0.1969519343,0.1995412844,0.2018348624,0.1995412844,0.1938073394,0.1976744186,0.1892201835,0.1915137615,0.1923963134,0.2006880734,0.1961009174,0.1926605505,0.1972477064,0.1938073394,0.1949541284,0.1935483871,0.1961009174,0.1961009174,0.2018348624,0.1949541284,0.1410550459,0.1410550459,0.1364678899,0.1387614679,0.1341743119,0.1322505800,0.0481651376,0.0114678899,,,,,,,,,,,,,,,,,,,,,,,,,,,,,,,,,,,,,,,,,,,,,,,,,,,,,
B_cristatella_RMB_18138_Java_ID,0.1695906433,0.2875143184,0.2749140893,0.2806414662,0.1912943872,0.1833910035,0.1878579611,0.1867124857,0.1912943872,0.1873536300,0.1935853379,0.1901489118,0.1844215349,0.1844215349,0.1811846690,0.1867124857,0.1855670103,0.1841196778,0.1901489118,0.1901489118,0.1924398625,0.1901489118,0.1878579611,0.1867124857,0.1898734177,0.2142038946,0.1912943872,0.2073310424,0.1993127148,0.1935853379,0.1947308133,0.1958762887,0.2004581901,0.1935853379,0.1911935110,0.1935853379,0.1997703789,0.1983944954,,,,,,,,,,,,,,,,,,,,,,,,,,,,,,,,,,,,,,,,,,,,,,,,,,,,
B_cristatella_RMB_18356_Java_ID,0.1578947368,0.2806414662,0.2760595647,0.2783505155,0.1867124857,0.1833910035,0.1867124857,0.1832760596,0.1878579611,0.1826697892,0.1878579611,0.1844215349,0.1809851088,0.1786941581,0.1800232288,0.1855670103,0.1844215349,0.1887226697,0.1924398625,0.1924398625,0.1970217640,0.1867124857,0.1878579611,0.1867124857,0.1898734177,0.2130584192,0.1901489118,0.2038946163,0.1958762887,0.1867124857,0.1878579611,0.1924398625,0.1970217640,0.1855670103,0.1830822711,0.1924398625,0.1986222732,0.1961009174,0.0446735395,,,,,,,,,,,,,,,,,,,,,,,,,,,,,,,,,,,,,,,,,,,,,,,,,,,
B_cristatella_MVZ_253995_Java_ID,0.1598440546,0.2794959908,0.2668957617,0.2726231386,0.1832760596,0.1799307958,0.1821305842,0.1809851088,0.1855670103,0.1803278689,0.1844215349,0.1821305842,0.1786941581,0.1786941581,0.1788617886,0.1844215349,0.1809851088,0.1795166858,0.1855670103,0.1855670103,0.1878579611,0.1832760596,0.1844215349,0.1832760596,0.1864211738,0.2084765178,0.1878579611,0.1993127148,0.1912943872,0.1809851088,0.1821305842,0.1867124857,0.1912943872,0.1821305842,0.1796060255,0.1867124857,0.1928817451,0.1915137615,0.0343642612,0.0229095074,,,,,,,,,,,,,,,,,,,,,,,,,,,,,,,,,,,,,,,,,,,,,,,,,,
B_hayeki_MVZ_270281_North_Sumatra_ID,0.1676413255,0.2668957617,0.2554410080,0.2520045819,0.1683848797,0.1649365629,0.1718213058,0.1683848797,0.1764032073,0.1651053864,0.1672394044,0.1672394044,0.1626575029,0.1626575029,0.1556329849,0.1638029782,0.1649484536,0.1668584580,0.1706758305,0.1706758305,0.1695303551,0.1695303551,0.1626575029,0.1626575029,0.1668584580,0.1821305842,0.1718213058,0.1855670103,0.1775486827,0.1741122566,0.1752577320,0.1706758305,0.1752577320,0.1706758305,0.1680185400,0.1786941581,0.1825487945,0.1834862385,0.0973654066,0.0893470790,0.0927835052,,,,,,,,,,,,,,,,,,,,,,,,,,,,,,,,,,,,,,,,,,,,,,,,,
B_rayaensis_LSUHC_12347_Phuket_TH,0.1559454191,0.2749140893,0.2668957617,0.2623138603,0.1695303551,0.1683967705,0.1832760596,0.1798396334,0.1764032073,0.1861826698,0.1878579611,0.1878579611,0.1832760596,0.1809851088,0.1684088269,0.1764032073,0.1718213058,0.1714614499,0.1809851088,0.1809851088,0.1878579611,0.1878579611,0.1844215349,0.1832760596,0.1841196778,0.1970217640,0.1901489118,0.1981672394,0.1935853379,0.1798396334,0.1798396334,0.1775486827,0.1821305842,0.1832760596,0.1796060255,0.1752577320,0.1836969001,0.1800458716,0.1053837342,0.1053837342,0.1019473081,0.0721649485,,,,,,,,,,,,,,,,,,,,,,,,,,,,,,,,,,,,,,,,,,,,,,,,
B_burmana_CAS_228481_Tanintharyi_MM,0.1598440546,0.2703321879,0.2588774341,0.2508591065,0.1695303551,0.1614763552,0.1764032073,0.1729667812,0.1729667812,0.1803278689,0.1809851088,0.1786941581,0.1741122566,0.1718213058,0.1626016260,0.1672394044,0.1649484536,0.1760644419,0.1798396334,0.1798396334,0.1786941581,0.1729667812,0.1741122566,0.1729667812,0.1760644419,0.1947308133,0.1821305842,0.1981672394,0.1901489118,0.1729667812,0.1729667812,0.1683848797,0.1706758305,0.1718213058,0.1691772885,0.1729667812,0.1802525832,0.1800458716,0.1008018328,0.0904925544,0.0870561283,0.0630011455,0.0515463918,,,,,,,,,,,,,,,,,,,,,,,,,,,,,,,,,,,,,,,,,,,,,,,
RMB_3792_Davao_Mindanao_PH,0.0717948718,0.2864792503,0.2556894244,0.2730923695,0.1499330656,0.1549865229,0.1713520750,0.1633199465,0.1579651941,0.1633199465,0.1633199465,0.1633199465,0.1566265060,0.1606425703,0.1706989247,0.1686746988,0.1686746988,0.1720430108,0.1780455154,0.1753681392,0.1686746988,0.1686746988,0.1686746988,0.1673360107,0.1693548387,0.1673360107,0.1593038822,0.1767068273,0.1700133869,0.1713520750,0.1726907631,0.1646586345,0.1633199465,0.1633199465,0.1653116531,0.1619812584,0.1785234899,0.1729222520,0.1780455154,0.1753681392,0.1793842035,0.1700133869,0.1726907631,0.1673360107,,,,,,,,,,,,,,,,,,,,,,,,,,,,,,,,,,,,,,,,,,,,,,
B_jubata_RMB_18182_Java_ID,0.1308593750,0.2912844037,0.2614678899,0.2637614679,0.1697247706,0.1639722864,0.1697247706,0.1662844037,0.1708715596,0.1779859485,0.1811926606,0.1811926606,0.1777522936,0.1743119266,0.1753774681,0.1651376147,0.1708715596,0.1716589862,0.1743119266,0.1743119266,0.1834862385,0.1823394495,0.1788990826,0.1777522936,0.1785714286,0.1811926606,0.1616972477,0.1708715596,0.1674311927,0.1662844037,0.1674311927,0.1616972477,0.1605504587,0.1559633028,0.1554524362,0.1616972477,0.1655172414,0.1630309989,0.1788990826,0.1754587156,0.1708715596,0.1685779817,0.1651376147,0.1616972477,0.1405622490,,,,,,,,,,,,,,,,,,,,,,,,,,,,,,,,,,,,,,,,,,,,,
B_jubata_MVZ_253998_Java_ID,0.1306042885,0.2898052692,0.2691867125,0.2714776632,0.1603665521,0.1510957324,0.1626575029,0.1592210767,0.1603665521,0.1686182670,0.1718213058,0.1695303551,0.1626575029,0.1592210767,0.1660859466,0.1443298969,0.1500572738,0.1726121979,0.1764032073,0.1764032073,0.1718213058,0.1706758305,0.1672394044,0.1660939290,0.1680092060,0.1741122566,0.1603665521,0.1741122566,0.1683848797,0.1580756014,0.1592210767,0.1580756014,0.1569301260,0.1523482245,0.1506373117,0.1615120275,0.1699196326,0.1651376147,0.1729667812,0.1672394044,0.1683848797,0.1649484536,0.1672394044,0.1546391753,0.1405622490,0.0573394495,,,,,,,,,,,,,,,,,,,,,,,,,,,,,,,,,,,,,,,,,,,,
B_jubata_RMB_18293_Java_ID,0.1345029240,0.2875143184,0.2611683849,0.2577319588,0.1569301260,0.1476355248,0.1615120275,0.1580756014,0.1557846506,0.1662763466,0.1683848797,0.1683848797,0.1638029782,0.1580756014,0.1626016260,0.1512027491,0.1557846506,0.1634062140,0.1660939290,0.1660939290,0.1660939290,0.1706758305,0.1695303551,0.1683848797,0.1714614499,0.1718213058,0.1534936999,0.1706758305,0.1649484536,0.1523482245,0.1534936999,0.1523482245,0.1512027491,0.1443298969,0.1425260718,0.1580756014,0.1595866820,0.1559633028,0.1798396334,0.1718213058,0.1706758305,0.1626575029,0.1718213058,0.1569301260,0.1352074967,0.0538990826,0.0469644903,,,,,,,,,,,,,,,,,,,,,,,,,,,,,,,,,,,,,,,,,,,
B_cf_intermedia_RMBR_836_Kalimantan_Borneo_ID,0.1384015595,0.2978235968,0.2852233677,0.2657502864,0.1557846506,0.1534025375,0.1695303551,0.1660939290,0.1660939290,0.1756440281,0.1786941581,0.1775486827,0.1718213058,0.1718213058,0.1718931475,0.1649484536,0.1638029782,0.1680092060,0.1718213058,0.1695303551,0.1764032073,0.1615120275,0.1603665521,0.1592210767,0.1645569620,0.1764032073,0.1649484536,0.1890034364,0.1821305842,0.1672394044,0.1683848797,0.1615120275,0.1603665521,0.1603665521,0.1622247972,0.1809851088,0.1882893226,0.1846330275,0.1867124857,0.1855670103,0.1844215349,0.1832760596,0.1775486827,0.1695303551,0.1365461847,0.1456422018,0.1386025200,0.1466208477,,,,,,,,,,,,,,,,,,,,,,,,,,,,,,,,,,,,,,,,,,
KU_327277_Palawan_PH,0.1423001949,0.2909507446,0.2772050401,0.2646048110,0.1546391753,0.1522491349,0.1672394044,0.1638029782,0.1580756014,0.1686182670,0.1706758305,0.1695303551,0.1626575029,0.1660939290,0.1637630662,0.1615120275,0.1695303551,0.1657077100,0.1695303551,0.1695303551,0.1741122566,0.1626575029,0.1649484536,0.1638029782,0.1668584580,0.1752577320,0.1695303551,0.1786941581,0.1741122566,0.1706758305,0.1718213058,0.1649484536,0.1638029782,0.1638029782,0.1657010429,0.1695303551,0.1756601607,0.1766055046,0.1706758305,0.1706758305,0.1695303551,0.1660939290,0.1603665521,0.1534936999,0.1271753681,0.1490825688,0.1454753723,0.1408934708,0.0767468499,,,,,,,,,,,,,,,,,,,,,,,,,,,,,,,,,,,,,,,,,
KU_311398_Palawan_PH,0.1345029240,0.2819332566,0.2773302647,0.2669735328,0.1542002301,0.1510957324,0.1645569620,0.1611047181,0.1553509781,0.1694117647,0.1714614499,0.1703107020,0.1622554661,0.1657077100,0.1602787456,0.1611047181,0.1691599540,0.1668584580,0.1714614499,0.1714614499,0.1737629459,0.1622554661,0.1645569620,0.1634062140,0.1657077100,0.1726121979,0.1657077100,0.1783659379,0.1703107020,0.1668584580,0.1680092060,0.1634062140,0.1622554661,0.1588032221,0.1610660487,0.1714614499,0.1776239908,0.1762672811,0.1691599540,0.1691599540,0.1680092060,0.1645569620,0.1622554661,0.1518987342,0.1223118280,0.1486175115,0.1415420023,0.1380897583,0.0782508631,0.0080552359,,,,,,,,,,,,,,,,,,,,,,,,,,,,,,,,,,,,,,,,
KU_311390_Palawan_PH,0.1403508772,0.2886597938,0.2737686140,0.2668957617,0.1534936999,0.1534025375,0.1660939290,0.1626575029,0.1592210767,0.1686182670,0.1706758305,0.1695303551,0.1626575029,0.1660939290,0.1649245064,0.1626575029,0.1695303551,0.1634062140,0.1672394044,0.1672394044,0.1752577320,0.1638029782,0.1660939290,0.1649484536,0.1680092060,0.1718213058,0.1660939290,0.1764032073,0.1706758305,0.1695303551,0.1706758305,0.1638029782,0.1626575029,0.1603665521,0.1622247972,0.1695303551,0.1756601607,0.1766055046,0.1683848797,0.1683848797,0.1672394044,0.1649484536,0.1603665521,0.1512027491,0.1244979920,0.1444954128,0.1408934708,0.1363115693,0.0744558992,0.0080183276,0.0069044879,,,,,,,,,,,,,,,,,,,,,,,,,,,,,,,,,,,,,,,
KU_309403_Palawan_PH,0.1372549020,0.2862068966,0.2781609195,0.2643678161,0.1494252874,0.1458333333,0.1620689655,0.1586206897,0.1528735632,0.1604215457,0.1655172414,0.1643678161,0.1574712644,0.1597701149,0.1637630662,0.1551724138,0.1620689655,0.1605080831,0.1643678161,0.1643678161,0.1632183908,0.1597701149,0.1597701149,0.1586206897,0.1616628176,0.1724137931,0.1574712644,0.1735632184,0.1678160920,0.1597701149,0.1609195402,0.1563218391,0.1551724138,0.1551724138,0.1558139535,0.1597701149,0.1658986175,0.1668584580,0.1666666667,0.1643678161,0.1632183908,0.1574712644,0.1586206897,0.1494252874,0.1231593039,0.1413793103,0.1356321839,0.1310344828,0.0793103448,0.0275862069,0.0300230947,0.0287356322,,,,,,,,,,,,,,,,,,,,,,,,,,,,,,,,,,,,,,
TNHC_57937_Palawan_PH,0.1384015595,0.2852233677,0.2737686140,0.2634593356,0.1512027491,0.1487889273,0.1626575029,0.1592210767,0.1557846506,0.1627634660,0.1672394044,0.1660939290,0.1592210767,0.1615120275,0.1649245064,0.1580756014,0.1649484536,0.1611047181,0.1649484536,0.1649484536,0.1660939290,0.1626575029,0.1626575029,0.1615120275,0.1645569620,0.1741122566,0.1603665521,0.1752577320,0.1695303551,0.1626575029,0.1638029782,0.1592210767,0.1580756014,0.1580756014,0.1587485516,0.1626575029,0.1687715270,0.1697247706,0.1649484536,0.1626575029,0.1615120275,0.1546391753,0.1534936999,0.1443298969,0.1231593039,0.1399082569,0.1340206186,0.1294387171,0.0721649485,0.0252004582,0.0299194476,0.0263459336,0.0091954023,,,,,,,,,,,,,,,,,,,,,,,,,,,,,,,,,,,,,
KU_327279_Palawan_PH,0.1325536062,0.2840778923,0.2749140893,0.2623138603,0.1523482245,0.1476355248,0.1638029782,0.1603665521,0.1546391753,0.1604215457,0.1660939290,0.1649484536,0.1580756014,0.1603665521,0.1626016260,0.1569301260,0.1638029782,0.1622554661,0.1660939290,0.1660939290,0.1626575029,0.1638029782,0.1638029782,0.1626575029,0.1657077100,0.1718213058,0.1569301260,0.1729667812,0.1672394044,0.1603665521,0.1615120275,0.1569301260,0.1557846506,0.1557846506,0.1564310545,0.1615120275,0.1676234214,0.1685779817,0.1626575029,0.1603665521,0.1592210767,0.1546391753,0.1534936999,0.1466208477,0.1191432396,0.1353211009,0.1305841924,0.1282932417,0.0756013746,0.0263459336,0.0287686997,0.0274914089,0.0091954023,0.0080183276,,,,,,,,,,,,,,,,,,,,,,,,,,,,,,,,,,,,
B_celebensis_MVZ_253957_North_Sulawesi_ID,0.1208576998,0.2783505155,0.2588774341,0.2772050401,0.1557846506,0.1568627451,0.1672394044,0.1638029782,0.1683848797,0.1885245902,0.1912943872,0.1912943872,0.1855670103,0.1855670103,0.1753774681,0.1809851088,0.1695303551,0.1737629459,0.1775486827,0.1752577320,0.1729667812,0.1741122566,0.1729667812,0.1718213058,0.1737629459,0.1844215349,0.1580756014,0.1786941581,0.1695303551,0.1912943872,0.1912943872,0.1890034364,0.1855670103,0.1878579611,0.1877172654,0.1890034364,0.1986222732,0.1938073394,0.1912943872,0.1878579611,0.1832760596,0.1764032073,0.1775486827,0.1695303551,0.1124497992,0.1548165138,0.1466208477,0.1489117984,0.1420389462,0.1489117984,0.1472957422,0.1466208477,0.1459770115,0.1386025200,0.1408934708,,,,,,,,,,,,,,,,,,,,,,,,,,,,,,,,,,,
B_celebensis_MVZ_253958_North_Sulawesi_ID,0.1228070175,0.2676579926,0.2515489467,0.2639405204,0.1536555143,0.1524163569,0.1635687732,0.1598513011,0.1660470880,0.1840101523,0.1858736059,0.1871127633,0.1821561338,0.1821561338,0.1714643304,0.1784386617,0.1660470880,0.1710037175,0.1759603470,0.1734820322,0.1685254027,0.1697645601,0.1697645601,0.1685254027,0.1697645601,0.1809169765,0.1561338290,0.1771995043,0.1672862454,0.1871127633,0.1871127633,0.1833952912,0.1796778191,0.1796778191,0.1809169765,0.1821561338,0.1937888199,0.1885856079,0.1895910781,0.1821561338,0.1784386617,0.1734820322,0.1685254027,0.1635687732,0.1085043988,0.1526054591,0.1412639405,0.1449814126,0.1387856258,0.1449814126,0.1425030979,0.1425030979,0.1417910448,0.1350681537,0.1363073110,0.0024783147,,,,,,,,,,,,,,,,,,,,,,,,,,,,,,,,,,
B_celebensis_MVZ_253994_Central_Sulawesi_ID,0.1093439364,0.2937062937,0.2762237762,0.2750582751,0.1678321678,0.1656942824,0.1771561772,0.1736596737,0.1748251748,0.1849234393,0.1853146853,0.1853146853,0.1783216783,0.1794871795,0.1771561772,0.1794871795,0.1736596737,0.1701631702,0.1748251748,0.1724941725,0.1620046620,0.1736596737,0.1724941725,0.1713286713,0.1748251748,0.1748251748,0.1631701632,0.1818181818,0.1724941725,0.1899766900,0.1911421911,0.1806526807,0.1806526807,0.1783216783,0.1781946073,0.1748251748,0.1880841121,0.1831971995,0.1958041958,0.1946386946,0.1899766900,0.1806526807,0.1806526807,0.1759906760,0.1036339166,0.1491841492,0.1550116550,0.1456876457,0.1550116550,0.1538461538,0.1491841492,0.1515151515,0.1480186480,0.1480186480,0.1445221445,0.0979020979,0.0978670013,,,,,,,,,,,,,,,,,,,,,,,,,,,,,,,,,
KU_334004_Misamis_Oriental_Mindanao_PH,0.0292397661,0.2840778923,0.2588774341,0.2668957617,0.1534936999,0.1499423299,0.1672394044,0.1638029782,0.1557846506,0.1639344262,0.1706758305,0.1695303551,0.1672394044,0.1638029782,0.1637630662,0.1557846506,0.1580756014,0.1645569620,0.1706758305,0.1683848797,0.1660939290,0.1683848797,0.1626575029,0.1638029782,0.1657077100,0.1695303551,0.1443298969,0.1626575029,0.1615120275,0.1660939290,0.1672394044,0.1626575029,0.1626575029,0.1615120275,0.1622247972,0.1718213058,0.1779563720,0.1743119266,0.1672394044,0.1660939290,0.1660939290,0.1557846506,0.1626575029,0.1615120275,0.0722891566,0.1353211009,0.1271477663,0.1294387171,0.1328751432,0.1328751432,0.1288837745,0.1305841924,0.1264367816,0.1237113402,0.1214203895,0.1099656357,0.1078066914,0.1095571096,,,,,,,,,,,,,,,,,,,,,,,,,,,,,,,,
KU_314845_Zamboanga_Mindanao_PH,0.0779727096,0.2806414662,0.2508591065,0.2600229095,0.1523482245,0.1522491349,0.1603665521,0.1569301260,0.1569301260,0.1604215457,0.1638029782,0.1638029782,0.1569301260,0.1569301260,0.1556329849,0.1592210767,0.1592210767,0.1680092060,0.1718213058,0.1695303551,0.1649484536,0.1649484536,0.1615120275,0.1603665521,0.1622554661,0.1695303551,0.1489117984,0.1683848797,0.1649484536,0.1695303551,0.1706758305,0.1660939290,0.1660939290,0.1603665521,0.1610660487,0.1729667812,0.1859931114,0.1788990826,0.1844215349,0.1821305842,0.1832760596,0.1683848797,0.1741122566,0.1695303551,0.0722891566,0.1467889908,0.1408934708,0.1386025200,0.1443298969,0.1397479954,0.1369390104,0.1363115693,0.1321839080,0.1317296678,0.1294387171,0.1122565865,0.1115241636,0.0967365967,0.0710194731,,,,,,,,,,,,,,,,,,,,,,,,,,,,,,,
PNM_1701_Sarangani_Mindanao_PH,0.0721247563,0.2840778923,0.2600229095,0.2726231386,0.1523482245,0.1580161476,0.1764032073,0.1706758305,0.1603665521,0.1674473068,0.1706758305,0.1683848797,0.1615120275,0.1649484536,0.1707317073,0.1660939290,0.1615120275,0.1737629459,0.1752577320,0.1729667812,0.1718213058,0.1729667812,0.1718213058,0.1718213058,0.1714614499,0.1752577320,0.1557846506,0.1786941581,0.1718213058,0.1832760596,0.1844215349,0.1718213058,0.1695303551,0.1718213058,0.1726535342,0.1752577320,0.1836969001,0.1777522936,0.1867124857,0.1798396334,0.1844215349,0.1752577320,0.1718213058,0.1660939290,0.0615796519,0.1364678899,0.1386025200,0.1351660939,0.1466208477,0.1431844215,0.1392405063,0.1386025200,0.1413793103,0.1363115693,0.1340206186,0.1214203895,0.1152416357,0.1072261072,0.0664375716,0.0778923253,,,,,,,,,,,,,,,,,,,,,,,,,,,,,,
KU_324433_Bilar_Bohol_PH,0.0721247563,0.2806414662,0.2485681558,0.2680412371,0.1592210767,0.1545559400,0.1706758305,0.1649484536,0.1603665521,0.1697892272,0.1741122566,0.1729667812,0.1638029782,0.1672394044,0.1684088269,0.1741122566,0.1706758305,0.1703107020,0.1718213058,0.1718213058,0.1683848797,0.1752577320,0.1741122566,0.1729667812,0.1726121979,0.1626575029,0.1615120275,0.1786941581,0.1695303551,0.1775486827,0.1786941581,0.1706758305,0.1683848797,0.1706758305,0.1714947856,0.1672394044,0.1768082664,0.1708715596,0.1809851088,0.1752577320,0.1786941581,0.1649484536,0.1683848797,0.1672394044,0.0441767068,0.1353211009,0.1317296678,0.1351660939,0.1443298969,0.1282932417,0.1242807825,0.1260022910,0.1264367816,0.1237113402,0.1214203895,0.1145475372,0.1115241636,0.1025641026,0.0652920962,0.0767468499,0.0607101947,,,,,,,,,,,,,,,,,,,,,,,,,,,,,
KU_324438_Sierra_Bullones_Bohol_PH,0.0721247563,0.2817869416,0.2485681558,0.2691867125,0.1592210767,0.1557093426,0.1718213058,0.1660939290,0.1615120275,0.1697892272,0.1741122566,0.1729667812,0.1638029782,0.1672394044,0.1695702671,0.1752577320,0.1718213058,0.1714614499,0.1729667812,0.1729667812,0.1695303551,0.1741122566,0.1729667812,0.1718213058,0.1714614499,0.1638029782,0.1603665521,0.1775486827,0.1706758305,0.1786941581,0.1798396334,0.1695303551,0.1672394044,0.1695303551,0.1703360371,0.1660939290,0.1756601607,0.1697247706,0.1821305842,0.1764032073,0.1798396334,0.1660939290,0.1695303551,0.1683848797,0.0428380187,0.1341743119,0.1305841924,0.1340206186,0.1443298969,0.1282932417,0.1242807825,0.1260022910,0.1264367816,0.1237113402,0.1214203895,0.1156930126,0.1127633209,0.1037296037,0.0641466208,0.0756013746,0.0595647194,0.0011454754,,,,,,,,,,,,,,,,,,,,,,,,,,,,
KU_326249_Antequera_Bohol_PH,0.0721247563,0.2817869416,0.2485681558,0.2691867125,0.1592210767,0.1557093426,0.1718213058,0.1660939290,0.1615120275,0.1697892272,0.1741122566,0.1729667812,0.1638029782,0.1672394044,0.1695702671,0.1752577320,0.1718213058,0.1714614499,0.1729667812,0.1729667812,0.1695303551,0.1741122566,0.1729667812,0.1718213058,0.1714614499,0.1638029782,0.1603665521,0.1775486827,0.1706758305,0.1786941581,0.1798396334,0.1695303551,0.1672394044,0.1695303551,0.1703360371,0.1660939290,0.1756601607,0.1697247706,0.1821305842,0.1764032073,0.1798396334,0.1660939290,0.1695303551,0.1683848797,0.0428380187,0.1341743119,0.1305841924,0.1340206186,0.1443298969,0.1282932417,0.1242807825,0.1260022910,0.1264367816,0.1237113402,0.1214203895,0.1156930126,0.1127633209,0.1037296037,0.0641466208,0.0756013746,0.0595647194,0.0011454754,0.0000000000,,,,,,,,,,,,,,,,,,,,,,,,,,,
KU_309860_Mambajao_Camiguin_PH,0.0779727096,0.2860438293,0.2629757785,0.2710495963,0.1591695502,0.1603229527,0.1741637832,0.1683967705,0.1660899654,0.1686320755,0.1683967705,0.1683967705,0.1614763552,0.1649365629,0.1734575087,0.1707035755,0.1707035755,0.1753171857,0.1799307958,0.1776239908,0.1741637832,0.1730103806,0.1707035755,0.1695501730,0.1718569781,0.1683967705,0.1568627451,0.1707035755,0.1660899654,0.1833910035,0.1845444060,0.1741637832,0.1718569781,0.1707035755,0.1703360371,0.1741637832,0.1872832370,0.1812933025,0.1856978085,0.1799307958,0.1856978085,0.1660899654,0.1683967705,0.1683967705,0.0309973046,0.1374133949,0.1361014994,0.1326412918,0.1441753172,0.1349480969,0.1303344867,0.1303344867,0.1319444444,0.1280276817,0.1268742791,0.1199538639,0.1152416357,0.1026837806,0.0726643599,0.0807381776,0.0680507497,0.0599769319,0.0588235294,0.0588235294,,,,,,,,,,,,,,,,,,,,,,,,,,
KU_309862_Mambajao_Camiguin_PH,0.0779727096,0.2848904268,0.2618223760,0.2710495963,0.1591695502,0.1603229527,0.1741637832,0.1683967705,0.1660899654,0.1686320755,0.1683967705,0.1683967705,0.1614763552,0.1649365629,0.1734575087,0.1707035755,0.1707035755,0.1753171857,0.1799307958,0.1776239908,0.1741637832,0.1730103806,0.1707035755,0.1695501730,0.1718569781,0.1672433679,0.1557093426,0.1707035755,0.1660899654,0.1822376009,0.1833910035,0.1741637832,0.1707035755,0.1695501730,0.1691772885,0.1741637832,0.1872832370,0.1812933025,0.1856978085,0.1799307958,0.1856978085,0.1660899654,0.1683967705,0.1683967705,0.0323450135,0.1362586605,0.1349480969,0.1314878893,0.1441753172,0.1349480969,0.1303344867,0.1303344867,0.1319444444,0.1280276817,0.1268742791,0.1188004614,0.1140024783,0.1038506418,0.0738177624,0.0818915802,0.0692041522,0.0611303345,0.0599769319,0.0599769319,0.0011534025,,,,,,,,,,,,,,,,,,,,,,,,,
KU_334603_Zamboanga_Mindanao_PH,0.0682261209,0.2886597938,0.2634593356,0.2691867125,0.1592210767,0.1591695502,0.1741122566,0.1683848797,0.1649484536,0.1686182670,0.1718213058,0.1718213058,0.1660939290,0.1695303551,0.1742160279,0.1729667812,0.1764032073,0.1806674338,0.1844215349,0.1821305842,0.1775486827,0.1729667812,0.1729667812,0.1718213058,0.1691599540,0.1683848797,0.1592210767,0.1741122566,0.1718213058,0.1855670103,0.1867124857,0.1764032073,0.1741122566,0.1764032073,0.1772885284,0.1706758305,0.1814006889,0.1777522936,0.1821305842,0.1752577320,0.1809851088,0.1683848797,0.1638029782,0.1649484536,0.0267737617,0.1318807339,0.1340206186,0.1340206186,0.1454753723,0.1305841924,0.1288837745,0.1282932417,0.1264367816,0.1237113402,0.1214203895,0.1156930126,0.1127633209,0.1048951049,0.0641466208,0.0756013746,0.0618556701,0.0538373425,0.0526918671,0.0526918671,0.0357554787,0.0369088812,,,,,,,,,,,,,,,,,,,,,,,,
ACD_5650_Cotabato_Mindanao_PH,0.0818713450,0.2924311927,0.2649082569,0.2706422018,0.1525229358,0.1545559400,0.1731651376,0.1674311927,0.1628440367,0.1699882767,0.1697247706,0.1685779817,0.1639908257,0.1674311927,0.1718931475,0.1697247706,0.1720183486,0.1726121979,0.1811926606,0.1788990826,0.1743119266,0.1697247706,0.1697247706,0.1685779817,0.1680092060,0.1743119266,0.1651376147,0.1811926606,0.1766055046,0.1800458716,0.1811926606,0.1708715596,0.1685779817,0.1708715596,0.1703360371,0.1754587156,0.1816091954,0.1779563720,0.1754587156,0.1754587156,0.1788990826,0.1651376147,0.1708715596,0.1685779817,0.0200803213,0.1389207807,0.1399082569,0.1376146789,0.1433486239,0.1341743119,0.1277330265,0.1318807339,0.1323360184,0.1295871560,0.1272935780,0.1250000000,0.1201982652,0.1037296037,0.0745412844,0.0837155963,0.0665137615,0.0550458716,0.0538990826,0.0538990826,0.0346020761,0.0357554787,0.0378440367,,,,,,,,,,,,,,,,,,,,,,,
KU_327282_South_Cotabato_Mindanao_PH,0.0799220273,0.2883506344,0.2618223760,0.2687427912,0.1487889273,0.1545559400,0.1718569781,0.1660899654,0.1614763552,0.1686320755,0.1672433679,0.1672433679,0.1626297578,0.1660899654,0.1711292200,0.1683967705,0.1707035755,0.1730103806,0.1799307958,0.1776239908,0.1730103806,0.1683967705,0.1683967705,0.1672433679,0.1683967705,0.1718569781,0.1626297578,0.1787773933,0.1741637832,0.1764705882,0.1776239908,0.1672433679,0.1649365629,0.1672433679,0.1680185400,0.1741637832,0.1780346821,0.1743648961,0.1730103806,0.1730103806,0.1764705882,0.1626297578,0.1683967705,0.1660899654,0.0175202156,0.1362586605,0.1395617070,0.1337946943,0.1430219146,0.1314878893,0.1268742791,0.1291810842,0.1296296296,0.1268742791,0.1245674740,0.1222606690,0.1177199504,0.1050175029,0.0715109573,0.0807381776,0.0634371396,0.0519031142,0.0507497116,0.0507497116,0.0334486736,0.0346020761,0.0346020761,0.0034602076,,,,,,,,,,,,,,,,,,,,,,
TNHC_57934_Davao_Mindanao_PH,0.0740740741,0.2875143184,0.2600229095,0.2680412371,0.1512027491,0.1545559400,0.1683848797,0.1626575029,0.1603665521,0.1697892272,0.1683848797,0.1683848797,0.1638029782,0.1649484536,0.1707317073,0.1660939290,0.1695303551,0.1691599540,0.1752577320,0.1729667812,0.1729667812,0.1672394044,0.1672394044,0.1660939290,0.1680092060,0.1729667812,0.1603665521,0.1764032073,0.1718213058,0.1729667812,0.1741122566,0.1638029782,0.1638029782,0.1660939290,0.1668597914,0.1695303551,0.1768082664,0.1731651376,0.1741122566,0.1718213058,0.1741122566,0.1592210767,0.1672394044,0.1638029782,0.0133868809,0.1318807339,0.1340206186,0.1294387171,0.1386025200,0.1294387171,0.1254315305,0.1271477663,0.1252873563,0.1248568156,0.1225658648,0.1214203895,0.1177199504,0.1072261072,0.0652920962,0.0767468499,0.0652920962,0.0538373425,0.0526918671,0.0526918671,0.0346020761,0.0357554787,0.0343642612,0.0126146789,0.0115340254,,,,,,,,,,,,,,,,,,,,,
PNM_1182_Davao_Mindanao_PH,0.0818713450,0.2920962199,0.2623138603,0.2714776632,0.1546391753,0.1545559400,0.1683848797,0.1626575029,0.1615120275,0.1662763466,0.1649484536,0.1649484536,0.1603665521,0.1638029782,0.1707317073,0.1660939290,0.1695303551,0.1691599540,0.1729667812,0.1706758305,0.1706758305,0.1649484536,0.1649484536,0.1638029782,0.1657077100,0.1706758305,0.1603665521,0.1798396334,0.1729667812,0.1775486827,0.1786941581,0.1706758305,0.1683848797,0.1706758305,0.1714947856,0.1683848797,0.1802525832,0.1766055046,0.1775486827,0.1764032073,0.1798396334,0.1672394044,0.1729667812,0.1672394044,0.0026773762,0.1341743119,0.1340206186,0.1317296678,0.1363115693,0.1282932417,0.1242807825,0.1260022910,0.1241379310,0.1237113402,0.1214203895,0.1202749141,0.1164807931,0.1072261072,0.0744558992,0.0778923253,0.0652920962,0.0515463918,0.0504009164,0.0504009164,0.0346020761,0.0357554787,0.0343642612,0.0194954128,0.0184544406,0.0114547537,,,,,,,,,,,,,,,,,,,,
KU_310374_Loreto_Dinagat_PH,0.0643274854,0.2955326460,0.2657502864,0.2680412371,0.1603665521,0.1545559400,0.1660939290,0.1626575029,0.1603665521,0.1615925059,0.1660939290,0.1649484536,0.1603665521,0.1592210767,0.1765389082,0.1706758305,0.1695303551,0.1737629459,0.1798396334,0.1775486827,0.1638029782,0.1706758305,0.1718213058,0.1706758305,0.1703107020,0.1660939290,0.1638029782,0.1809851088,0.1695303551,0.1832760596,0.1844215349,0.1798396334,0.1775486827,0.1775486827,0.1784472769,0.1683848797,0.1733639495,0.1685779817,0.1867124857,0.1775486827,0.1809851088,0.1729667812,0.1729667812,0.1695303551,0.0763052209,0.1536697248,0.1489117984,0.1466208477,0.1454753723,0.1374570447,0.1334867664,0.1351660939,0.1287356322,0.1260022910,0.1260022910,0.1168384880,0.1140024783,0.0990675991,0.0733104238,0.0744558992,0.0710194731,0.0641466208,0.0652920962,0.0652920962,0.0841983852,0.0853517878,0.0710194731,0.0802752294,0.0772779700,0.0767468499,0.0767468499,,,,,,,,,,,,,,,,,,,
ACD_7229_Sogod_Leyte_PH,0.0701754386,0.2794959908,0.2508591065,0.2634593356,0.1580756014,0.1568627451,0.1672394044,0.1638029782,0.1638029782,0.1709601874,0.1741122566,0.1741122566,0.1683848797,0.1695303551,0.1718931475,0.1660939290,0.1649484536,0.1680092060,0.1683848797,0.1660939290,0.1683848797,0.1683848797,0.1660939290,0.1660939290,0.1657077100,0.1764032073,0.1489117984,0.1672394044,0.1649484536,0.1775486827,0.1786941581,0.1695303551,0.1695303551,0.1683848797,0.1691772885,0.1649484536,0.1733639495,0.1697247706,0.1844215349,0.1764032073,0.1809851088,0.1649484536,0.1718213058,0.1660939290,0.0615796519,0.1272935780,0.1282932417,0.1237113402,0.1408934708,0.1363115693,0.1323360184,0.1305841924,0.1298850575,0.1271477663,0.1271477663,0.1168384880,0.1152416357,0.1013986014,0.0664375716,0.0710194731,0.0595647194,0.0515463918,0.0504009164,0.0504009164,0.0657439446,0.0668973472,0.0630011455,0.0665137615,0.0634371396,0.0584192440,0.0630011455,0.0710194731,,,,,,,,,,,,,,,,,,
KU_305471_Baybay_Leyte_PH,0.0701754386,0.2794959908,0.2508591065,0.2634593356,0.1580756014,0.1568627451,0.1672394044,0.1638029782,0.1638029782,0.1709601874,0.1741122566,0.1741122566,0.1683848797,0.1695303551,0.1718931475,0.1660939290,0.1649484536,0.1680092060,0.1683848797,0.1660939290,0.1683848797,0.1683848797,0.1660939290,0.1660939290,0.1657077100,0.1764032073,0.1489117984,0.1672394044,0.1649484536,0.1775486827,0.1786941581,0.1695303551,0.1695303551,0.1683848797,0.1691772885,0.1649484536,0.1733639495,0.1697247706,0.1844215349,0.1764032073,0.1809851088,0.1649484536,0.1718213058,0.1660939290,0.0615796519,0.1272935780,0.1282932417,0.1237113402,0.1408934708,0.1363115693,0.1323360184,0.1305841924,0.1298850575,0.1271477663,0.1271477663,0.1168384880,0.1152416357,0.1013986014,0.0664375716,0.0710194731,0.0595647194,0.0515463918,0.0504009164,0.0504009164,0.0657439446,0.0668973472,0.0630011455,0.0665137615,0.0634371396,0.0584192440,0.0630011455,0.0710194731,0.0000000000,,,,,,,,,,,,,,,,,
KU_311125_Baybay_Leyte_PH,0.0712871287,0.2820809249,0.2578034682,0.2705202312,0.1595375723,0.1606519208,0.1687861272,0.1653179191,0.1630057803,0.1733021077,0.1757225434,0.1757225434,0.1699421965,0.1710982659,0.1707317073,0.1676300578,0.1664739884,0.1695702671,0.1699421965,0.1676300578,0.1722543353,0.1699421965,0.1676300578,0.1676300578,0.1672473868,0.1815028902,0.1526011561,0.1722543353,0.1699421965,0.1780346821,0.1791907514,0.1722543353,0.1722543353,0.1687861272,0.1695906433,0.1699421965,0.1784472769,0.1747685185,0.1907514451,0.1815028902,0.1861271676,0.1710982659,0.1780346821,0.1722543353,0.0642570281,0.1341040462,0.1352601156,0.1306358382,0.1468208092,0.1421965318,0.1358885017,0.1364161850,0.1352601156,0.1329479769,0.1317919075,0.1225433526,0.1214017522,0.1037296037,0.0693641618,0.0716763006,0.0635838150,0.0566473988,0.0554913295,0.0554913295,0.0721769499,0.0733410943,0.0658959538,0.0682870370,0.0651920838,0.0601156069,0.0647398844,0.0739884393,0.0057803468,0.0057803468,,,,,,,,,,,,,,,,
KU_344140_Eastern_Samar_Samar_PH,0.0779727096,0.2806414662,0.2646048110,0.2703321879,0.1649484536,0.1591695502,0.1718213058,0.1683848797,0.1626575029,0.1744730679,0.1775486827,0.1764032073,0.1729667812,0.1718213058,0.1742160279,0.1718213058,0.1706758305,0.1760644419,0.1786941581,0.1764032073,0.1718213058,0.1741122566,0.1718213058,0.1718213058,0.1714614499,0.1775486827,0.1546391753,0.1775486827,0.1729667812,0.1878579611,0.1890034364,0.1844215349,0.1844215349,0.1775486827,0.1772885284,0.1741122566,0.1814006889,0.1777522936,0.1855670103,0.1821305842,0.1855670103,0.1718213058,0.1775486827,0.1729667812,0.0696117805,0.1399082569,0.1363115693,0.1363115693,0.1466208477,0.1420389462,0.1357882624,0.1374570447,0.1356321839,0.1317296678,0.1305841924,0.1225658648,0.1214374226,0.1118881119,0.0710194731,0.0790378007,0.0652920962,0.0618556701,0.0607101947,0.0607101947,0.0715109573,0.0726643599,0.0687285223,0.0711009174,0.0668973472,0.0652920962,0.0698739977,0.0756013746,0.0297823597,0.0297823597,0.0289017341,,,,,,,,,,,,,,,
KU_344139_Eastern_Samar_Samar_PH,0.0682261209,0.2809633028,0.2557339450,0.2672018349,0.1582568807,0.1534025375,0.1708715596,0.1674311927,0.1605504587,0.1688159437,0.1731651376,0.1720183486,0.1685779817,0.1674311927,0.1695702671,0.1697247706,0.1651376147,0.1645569620,0.1697247706,0.1674311927,0.1662844037,0.1674311927,0.1674311927,0.1674311927,0.1645569620,0.1766055046,0.1479357798,0.1743119266,0.1662844037,0.1857798165,0.1869266055,0.1800458716,0.1800458716,0.1766055046,0.1749710313,0.1697247706,0.1770114943,0.1733639495,0.1834862385,0.1766055046,0.1800458716,0.1708715596,0.1743119266,0.1708715596,0.0615796519,0.1354764638,0.1307339450,0.1295871560,0.1410550459,0.1353211009,0.1288837745,0.1295871560,0.1311852704,0.1261467890,0.1261467890,0.1169724771,0.1115241636,0.1013986014,0.0642201835,0.0722477064,0.0584862385,0.0550458716,0.0538990826,0.0538990826,0.0680507497,0.0692041522,0.0653669725,0.0642201835,0.0622837370,0.0630733945,0.0653669725,0.0688073394,0.0263761468,0.0263761468,0.0277777778,0.0217889908,,,,,,,,,,,,,,
KU_336463_Western_Samar_Samar_PH,0.0662768031,0.2794959908,0.2520045819,0.2646048110,0.1546391753,0.1522491349,0.1672394044,0.1638029782,0.1569301260,0.1651053864,0.1695303551,0.1683848797,0.1649484536,0.1638029782,0.1684088269,0.1660939290,0.1615120275,0.1634062140,0.1660939290,0.1638029782,0.1626575029,0.1638029782,0.1638029782,0.1638029782,0.1634062140,0.1729667812,0.1466208477,0.1706758305,0.1649484536,0.1821305842,0.1832760596,0.1764032073,0.1764032073,0.1741122566,0.1738122827,0.1660939290,0.1733639495,0.1697247706,0.1798396334,0.1729667812,0.1764032073,0.1672394044,0.1718213058,0.1672394044,0.0589022758,0.1318807339,0.1282932417,0.1260022910,0.1374570447,0.1317296678,0.1277330265,0.1260022910,0.1275862069,0.1225658648,0.1225658648,0.1134020619,0.1102850062,0.1002331002,0.0607101947,0.0687285223,0.0549828179,0.0515463918,0.0504009164,0.0504009164,0.0668973472,0.0680507497,0.0618556701,0.0653669725,0.0611303345,0.0595647194,0.0618556701,0.0652920962,0.0229095074,0.0229095074,0.0242774566,0.0183276060,0.0034403670,,,,,,,,,,,,,
CDS_6959_Western_Samar_Samar_PH,0.0662768031,0.2806414662,0.2542955326,0.2680412371,0.1580756014,0.1557093426,0.1706758305,0.1672394044,0.1615120275,0.1686182670,0.1729667812,0.1718213058,0.1683848797,0.1672394044,0.1718931475,0.1683848797,0.1649484536,0.1691599540,0.1718213058,0.1695303551,0.1672394044,0.1695303551,0.1672394044,0.1672394044,0.1668584580,0.1775486827,0.1523482245,0.1741122566,0.1683848797,0.1832760596,0.1844215349,0.1775486827,0.1775486827,0.1752577320,0.1749710313,0.1672394044,0.1745120551,0.1708715596,0.1832760596,0.1764032073,0.1798396334,0.1706758305,0.1752577320,0.1706758305,0.0589022758,0.1341743119,0.1317296678,0.1294387171,0.1397479954,0.1340206186,0.1300345224,0.1282932417,0.1275862069,0.1248568156,0.1248568156,0.1191294387,0.1152416357,0.1060606061,0.0641466208,0.0721649485,0.0572737686,0.0538373425,0.0526918671,0.0526918671,0.0703575548,0.0715109573,0.0652920962,0.0688073394,0.0645905421,0.0607101947,0.0630011455,0.0687285223,0.0240549828,0.0240549828,0.0254335260,0.0171821306,0.0091743119,0.0057273769,,,,,,,,,,,,
KU_337266_Eastern_Samar_Samar_PH,0.0682261209,0.2794959908,0.2531500573,0.2646048110,0.1592210767,0.1568627451,0.1718213058,0.1683848797,0.1626575029,0.1697892272,0.1741122566,0.1729667812,0.1672394044,0.1683848797,0.1695702671,0.1672394044,0.1638029782,0.1691599540,0.1718213058,0.1695303551,0.1683848797,0.1706758305,0.1683848797,0.1683848797,0.1680092060,0.1764032073,0.1534936999,0.1752577320,0.1695303551,0.1821305842,0.1832760596,0.1764032073,0.1764032073,0.1741122566,0.1738122827,0.1649484536,0.1710677382,0.1674311927,0.1821305842,0.1752577320,0.1786941581,0.1695303551,0.1729667812,0.1695303551,0.0629183400,0.1330275229,0.1305841924,0.1282932417,0.1408934708,0.1351660939,0.1311852704,0.1294387171,0.1310344828,0.1260022910,0.1260022910,0.1191294387,0.1152416357,0.1060606061,0.0652920962,0.0733104238,0.0561282932,0.0538373425,0.0526918671,0.0526918671,0.0715109573,0.0726643599,0.0664375716,0.0699541284,0.0657439446,0.0641466208,0.0664375716,0.0698739977,0.0252004582,0.0252004582,0.0265895954,0.0183276060,0.0103211009,0.0068728522,0.0057273769,,,,,,,,,,,
KU_305477_Western_Samar_Samar_PH,0.0682261209,0.2817869416,0.2577319588,0.2680412371,0.1603665521,0.1603229527,0.1706758305,0.1672394044,0.1638029782,0.1709601874,0.1752577320,0.1741122566,0.1706758305,0.1718213058,0.1788617886,0.1741122566,0.1741122566,0.1714614499,0.1741122566,0.1718213058,0.1695303551,0.1729667812,0.1706758305,0.1706758305,0.1703107020,0.1798396334,0.1569301260,0.1798396334,0.1729667812,0.1832760596,0.1844215349,0.1775486827,0.1775486827,0.1752577320,0.1749710313,0.1649484536,0.1745120551,0.1708715596,0.1821305842,0.1775486827,0.1786941581,0.1683848797,0.1764032073,0.1718213058,0.0655957162,0.1353211009,0.1340206186,0.1305841924,0.1466208477,0.1374570447,0.1334867664,0.1317296678,0.1310344828,0.1260022910,0.1260022910,0.1248568156,0.1201982652,0.1072261072,0.0721649485,0.0767468499,0.0607101947,0.0549828179,0.0538373425,0.0538373425,0.0726643599,0.0738177624,0.0675830470,0.0711009174,0.0668973472,0.0641466208,0.0675830470,0.0687285223,0.0274914089,0.0274914089,0.0312138728,0.0274914089,0.0240825688,0.0206185567,0.0194730813,0.0206185567,,,,,,,,,,
KU_337267_Eastern_Samar_Samar_PH,0.0662768031,0.2817869416,0.2565864834,0.2668957617,0.1592210767,0.1591695502,0.1695303551,0.1660939290,0.1626575029,0.1697892272,0.1741122566,0.1729667812,0.1695303551,0.1706758305,0.1777003484,0.1729667812,0.1729667812,0.1703107020,0.1729667812,0.1706758305,0.1683848797,0.1718213058,0.1695303551,0.1695303551,0.1691599540,0.1798396334,0.1569301260,0.1798396334,0.1729667812,0.1832760596,0.1844215349,0.1775486827,0.1775486827,0.1752577320,0.1749710313,0.1649484536,0.1745120551,0.1708715596,0.1821305842,0.1775486827,0.1786941581,0.1672394044,0.1752577320,0.1706758305,0.0655957162,0.1341743119,0.1328751432,0.1305841924,0.1454753723,0.1374570447,0.1334867664,0.1317296678,0.1310344828,0.1260022910,0.1260022910,0.1237113402,0.1189591078,0.1060606061,0.0710194731,0.0756013746,0.0595647194,0.0538373425,0.0526918671,0.0526918671,0.0726643599,0.0738177624,0.0675830470,0.0711009174,0.0668973472,0.0641466208,0.0675830470,0.0675830470,0.0263459336,0.0263459336,0.0300578035,0.0263459336,0.0229357798,0.0194730813,0.0183276060,0.0194730813,0.0011454754,,,,,,,,,
KU_334001_Agusan_del_Norte_Mindanao_PH,0.0409356725,0.2886597938,0.2577319588,0.2714776632,0.1638029782,0.1568627451,0.1638029782,0.1603665521,0.1638029782,0.1686182670,0.1741122566,0.1729667812,0.1660939290,0.1638029782,0.1753774681,0.1695303551,0.1683848797,0.1703107020,0.1764032073,0.1741122566,0.1683848797,0.1718213058,0.1695303551,0.1683848797,0.1680092060,0.1764032073,0.1592210767,0.1741122566,0.1660939290,0.1809851088,0.1821305842,0.1798396334,0.1786941581,0.1775486827,0.1784472769,0.1706758305,0.1733639495,0.1708715596,0.1706758305,0.1683848797,0.1683848797,0.1741122566,0.1718213058,0.1706758305,0.0669344043,0.1444954128,0.1374570447,0.1420389462,0.1500572738,0.1489117984,0.1449942463,0.1443298969,0.1425287356,0.1397479954,0.1374570447,0.1168384880,0.1127633209,0.1095571096,0.0687285223,0.0744558992,0.0687285223,0.0664375716,0.0675830470,0.0675830470,0.0795847751,0.0807381776,0.0664375716,0.0756880734,0.0738177624,0.0710194731,0.0744558992,0.0561282932,0.0698739977,0.0698739977,0.0728323699,0.0744558992,0.0699541284,0.0664375716,0.0675830470,0.0664375716,0.0721649485,0.0710194731,,,,,,,,
ACD_6339_Burgos_Siargao_PH,0.0487329435,0.2807825086,0.2508630610,0.2658227848,0.1611047181,0.1522491349,0.1657077100,0.1622554661,0.1622554661,0.1647058824,0.1680092060,0.1668584580,0.1599539701,0.1576524741,0.1660859466,0.1657077100,0.1634062140,0.1668584580,0.1737629459,0.1714614499,0.1691599540,0.1703107020,0.1680092060,0.1668584580,0.1657077100,0.1680092060,0.1553509781,0.1726121979,0.1634062140,0.1749136939,0.1760644419,0.1714614499,0.1703107020,0.1668584580,0.1680185400,0.1657077100,0.1707035755,0.1670506912,0.1714614499,0.1691599540,0.1703107020,0.1599539701,0.1611047181,0.1588032221,0.0631720430,0.1336405530,0.1277330265,0.1288837745,0.1369390104,0.1346375144,0.1311852704,0.1311852704,0.1304849885,0.1277330265,0.1254315305,0.1139240506,0.1115241636,0.1025641026,0.0609896433,0.0621403913,0.0598388953,0.0529344074,0.0540851554,0.0540851554,0.0657439446,0.0668973472,0.0609896433,0.0655926352,0.0645905421,0.0632911392,0.0667433832,0.0506329114,0.0483314154,0.0483314154,0.0545876887,0.0598388953,0.0552359033,0.0540851554,0.0552359033,0.0540851554,0.0598388953,0.0586881473,0.0310701956,,,,,,,
RMB_16896_Misamis_Oriental_Mindanao_PH,0.0467836257,0.2817869416,0.2497136312,0.2657502864,0.1603665521,0.1522491349,0.1649484536,0.1615120275,0.1615120275,0.1651053864,0.1683848797,0.1672394044,0.1603665521,0.1580756014,0.1660859466,0.1649484536,0.1626575029,0.1668584580,0.1729667812,0.1706758305,0.1683848797,0.1706758305,0.1683848797,0.1672394044,0.1668584580,0.1672394044,0.1534936999,0.1706758305,0.1615120275,0.1729667812,0.1741122566,0.1695303551,0.1695303551,0.1660939290,0.1668597914,0.1638029782,0.1710677382,0.1674311927,0.1672394044,0.1649484536,0.1660939290,0.1580756014,0.1615120275,0.1580756014,0.0642570281,0.1341743119,0.1294387171,0.1294387171,0.1386025200,0.1340206186,0.1311852704,0.1305841924,0.1298850575,0.1271477663,0.1248568156,0.1145475372,0.1115241636,0.1037296037,0.0607101947,0.0618556701,0.0607101947,0.0538373425,0.0549828179,0.0549828179,0.0668973472,0.0680507497,0.0618556701,0.0688073394,0.0657439446,0.0630011455,0.0675830470,0.0515463918,0.0481099656,0.0481099656,0.0543352601,0.0595647194,0.0573394495,0.0538373425,0.0549828179,0.0538373425,0.0595647194,0.0584192440,0.0320733104,0.0034522440,,,,,,
Gonocephalus_chamaeleontinus_LSUHC_3788,0.2670565302,0.2632183908,0.2586206897,0.2689655172,0.2333333333,0.2525951557,0.2574712644,0.2551724138,0.2551724138,0.2655699177,0.2597701149,0.2609195402,0.2517241379,0.2528735632,0.2497096400,0.2505747126,0.2551724138,0.2543153049,0.2586206897,0.2574712644,0.2586206897,0.2459770115,0.2482758621,0.2471264368,0.2508630610,0.2540229885,0.2482758621,0.2551724138,0.2494252874,0.2471264368,0.2482758621,0.2436781609,0.2448275862,0.2425287356,0.2410196987,0.2540229885,0.2753456221,0.2715765247,0.2597701149,0.2620689655,0.2563218391,0.2528735632,0.2597701149,0.2471264368,0.2469798658,0.2382048331,0.2471264368,0.2379310345,0.2459770115,0.2551724138,0.2520138090,0.2505747126,0.2514417532,0.2517241379,0.2494252874,0.2505747126,0.2416356877,0.2575757576,0.2551724138,0.2482758621,0.2505747126,0.2471264368,0.2482758621,0.2482758621,0.2491349481,0.2491349481,0.2551724138,0.2505747126,0.2456747405,0.2471264368,0.2494252874,0.2574712644,0.2482758621,0.2482758621,0.2529002320,0.2563218391,0.2551724138,0.2528735632,0.2540229885,0.2528735632,0.2551724138,0.2540229885,0.2528735632,0.2497123130,0.2494252874,,,,,
Gonocephalus_semperi_KU_303821_Mindoro_PH,0.2747524752,0.3013157895,0.2736842105,0.2723684211,0.2671052632,0.2645502646,0.2789473684,0.2776315789,0.2684210526,0.2763157895,0.2763157895,0.2750000000,0.2684210526,0.2697368421,0.2638522427,0.2736842105,0.2684210526,0.2783641161,0.2842105263,0.2828947368,0.2776315789,0.2710526316,0.2671052632,0.2684210526,0.2717678100,0.2789473684,0.2657894737,0.2855263158,0.2802631579,0.2447368421,0.2460526316,0.2552631579,0.2552631579,0.2513157895,0.2486702128,0.2578947368,0.2717678100,0.2700922266,0.2697368421,0.2802631579,0.2710526316,0.2513157895,0.2486842105,0.2421052632,0.2613941019,0.2631578947,0.2723684211,0.2631578947,0.2631578947,0.2736842105,0.2704485488,0.2697368421,0.2710526316,0.2684210526,0.2671052632,0.2578947368,0.2500000000,0.2575957728,0.2618421053,0.2565789474,0.2578947368,0.2631578947,0.2644736842,0.2644736842,0.2619047619,0.2619047619,0.2618421053,0.2578947368,0.2552910053,0.2605263158,0.2605263158,0.2605263158,0.2565789474,0.2565789474,0.2605263158,0.2578947368,0.2578947368,0.2565789474,0.2592105263,0.2605263158,0.2605263158,0.2592105263,0.2631578947,0.2506596306,0.2526315789,0.2358366271,,,,
Gonocephalus_semperi_KU_305748_Cebu_PH,0.2787524366,0.2813953488,0.2662790698,0.2604651163,0.2686046512,0.2686046512,0.2755813953,0.2709302326,0.2674418605,0.2758620690,0.2767441860,0.2755813953,0.2686046512,0.2709302326,0.2746478873,0.2720930233,0.2790697674,0.2837209302,0.2848837209,0.2837209302,0.2779069767,0.2674418605,0.2686046512,0.2697674419,0.2709302326,0.2720930233,0.2569767442,0.2779069767,0.2744186047,0.2523255814,0.2534883721,0.2604651163,0.2604651163,0.2534883721,0.2534883721,0.2593023256,0.2727272727,0.2689173458,0.2709302326,0.2779069767,0.2709302326,0.2569767442,0.2581395349,0.2488372093,0.2489795918,0.2514551804,0.2569767442,0.2558139535,0.2593023256,0.2709302326,0.2686046512,0.2674418605,0.2707117853,0.2674418605,0.2674418605,0.2569767442,0.2503097893,0.2600000000,0.2546511628,0.2546511628,0.2511627907,0.2523255814,0.2534883721,0.2534883721,0.2534883721,0.2534883721,0.2558139535,0.2500000000,0.2488372093,0.2511627907,0.2511627907,0.2581395349,0.2488372093,0.2488372093,0.2535211268,0.2500000000,0.2511627907,0.2500000000,0.2534883721,0.2534883721,0.2534883721,0.2523255814,0.2581395349,0.2441860465,0.2441860465,0.2313953488,0.0640854473,,,
B_cristatella_TNHC_56517_Sarawak_Borneo_MY,0.1949317739,0.2829324170,0.2852233677,0.2577319588,0.1752577320,0.1707035755,0.1901489118,0.1867124857,0.1809851088,0.1967213115,0.1935853379,0.1958762887,0.1958762887,0.1901489118,0.1881533101,0.1821305842,0.1741122566,0.1818181818,0.1890034364,0.1867124857,0.1855670103,0.1809851088,0.1786941581,0.1775486827,0.1818181818,0.1924398625,0.1855670103,0.2004581901,0.1970217640,0.0469644903,0.0469644903,0.0355097365,0.0378006873,0.0400916380,0.0382387022,0.1386025200,0.1504018370,0.1479357798,0.1993127148,0.1924398625,0.1890034364,0.1844215349,0.1867124857,0.1775486827,0.1700133869,0.1731651376,0.1660939290,0.1626575029,0.1729667812,0.1718213058,0.1691599540,0.1683848797,0.1655172414,0.1683848797,0.1660939290,0.2004581901,0.1945477076,0.1899766900,0.1786941581,0.1695303551,0.1764032073,0.1752577320,0.1741122566,0.1741122566,0.1787773933,0.1787773933,0.1832760596,0.1777522936,0.1741637832,0.1729667812,0.1764032073,0.1855670103,0.1752577320,0.1752577320,0.1757225434,0.1855670103,0.1834862385,0.1798396334,0.1809851088,0.1798396334,0.1809851088,0.1809851088,0.1809851088,0.1737629459,0.1718213058,0.2505747126,0.2578947368,0.2639534884,,
B_cristatella_TNHC_57874_Selangor_MY,0.1697127937,0.2685560054,0.2685560054,0.2537112011,0.1538461538,0.1523809524,0.1713900135,0.1700404858,0.1551956815,0.1821862348,0.1794871795,0.1821862348,0.1835357625,0.1727395412,0.1709633650,0.1700404858,0.1646423752,0.1696065129,0.1767881242,0.1740890688,0.1632928475,0.1727395412,0.1686909582,0.1686909582,0.1723202171,0.1848852901,0.1713900135,0.1902834008,0.1848852901,0.0040485830,0.0040485830,0.0404858300,0.0418353576,0.0337381916,0.0314637483,0.1255060729,0.1366711773,0.1364864865,0.1875843455,0.1808367072,0.1740890688,0.1646423752,0.1713900135,0.1632928475,0.1734417344,0.1578947368,0.1497975709,0.1470985155,0.1673414305,0.1686909582,0.1641791045,0.1673414305,0.1565452092,0.1605937922,0.1565452092,0.1754385965,0.1688888889,0.1779891304,0.1605937922,0.1673414305,0.1740890688,0.1767881242,0.1781376518,0.1781376518,0.1768707483,0.1755102041,0.1794871795,0.1743243243,0.1714285714,0.1686909582,0.1740890688,0.1794871795,0.1740890688,0.1740890688,0.1754385965,0.1808367072,0.1783783784,0.1754385965,0.1767881242,0.1740890688,0.1794871795,0.1794871795,0.1646423752,0.1682496608,0.1659919028,0.2466124661,0.2449255751,0.2417582418,0.0485829960,
